District,Year,Enrollment
Barbour,2011,2499.0
Barbour,2012,2455.0
Barbour,2013,2441.0
Barbour,2014,2454.0
Barbour,2015,2449.0
Barbour,2016,2392.0
Barbour,2017,2324.0
Barbour,2018,2300.0
Barbour,2019,2326.0
Barbour,2020,2259.0
Barbour,2021,2135.0
Barbour,2022,2135.0
Barbour,2023,2147.0
Barbour,2024,2079.0
Barbour,2025,1966.0
Barbour,2026,1907.0
Berkeley,2011,17720.0
Berkeley,2012,18002.0
Berkeley,2013,18171.0
Berkeley,2014,18221.0
Berkeley,2015,18668.0
Berkeley,2016,18877.0
Berkeley,2017,19000.0
Berkeley,2018,19294.0
Berkeley,2019,19471.0
Berkeley,2020,19654.0
Berkeley,2021,19254.0
Berkeley,2022,19679.0
Berkeley,2023,19821.0
Berkeley,2024,19845.0
Berkeley,2025,19947.0
Berkeley,2026,19787.0
Boone,2011,4545.0
Boone,2012,4553.0
Boone,2013,4526.0
Boone,2014,4541.0
Boone,2015,4449.0
Boone,2016,4331.0
Boone,2017,4178.0
Boone,2018,4010.0
Boone,2019,3839.0
Boone,2020,3669.0
Boone,2021,3335.0
Boone,2022,3175.0
Boone,2023,3183.0
Boone,2024,3094.0
Boone,2025,3048.0
Boone,2026,2866.0
Braxton,2011,2220.0
Braxton,2012,2157.0
Braxton,2013,2156.0
Braxton,2014,2128.0
Braxton,2015,2127.0
Braxton,2016,2100.0
Braxton,2017,2039.0
Braxton,2018,1999.0
Braxton,2019,1975.0
Braxton,2020,1907.0
Braxton,2021,1736.0
Braxton,2022,1722.0
Braxton,2023,1692.0
Braxton,2024,1656.0
Braxton,2025,1567.0
Braxton,2026,1514.0
Brooke,2011,3363.0
Brooke,2012,3314.0
Brooke,2013,3332.0
Brooke,2014,3246.0
Brooke,2015,3131.0
Brooke,2016,3106.0
Brooke,2017,2965.0
Brooke,2018,2935.0
Brooke,2019,2830.0
Brooke,2020,2681.0
Brooke,2021,2585.0
Brooke,2022,2575.0
Brooke,2023,2476.0
Brooke,2024,2336.0
Brooke,2025,2206.0
Brooke,2026,2160.0
Cabell,2011,12700.0
Cabell,2012,12880.0
Cabell,2013,12979.0
Cabell,2014,13085.0
Cabell,2015,13204.0
Cabell,2016,13022.0
Cabell,2017,12868.0
Cabell,2018,12739.0
Cabell,2019,12434.0
Cabell,2020,12111.0
Cabell,2021,11860.0
Cabell,2022,11645.0
Cabell,2023,11555.0
Cabell,2024,11417.0
Cabell,2025,11164.0
Cabell,2026,10953.0
Calhoun,2011,1122.0
Calhoun,2012,1137.0
Calhoun,2013,1083.0
Calhoun,2014,1069.0
Calhoun,2015,1066.0
Calhoun,2016,1059.0
Calhoun,2017,1051.0
Calhoun,2018,1028.0
Calhoun,2019,962.0
Calhoun,2020,926.0
Calhoun,2021,882.0
Calhoun,2022,857.0
Calhoun,2023,863.0
Calhoun,2024,829.0
Calhoun,2025,789.0
Calhoun,2026,762.0
Clay,2011,2071.0
Clay,2012,2047.0
Clay,2013,2060.0
Clay,2014,1975.0
Clay,2015,1978.0
Clay,2016,1999.0
Clay,2017,1938.0
Clay,2018,1922.0
Clay,2019,1859.0
Clay,2020,1790.0
Clay,2021,1739.0
Clay,2022,1654.0
Clay,2023,1614.0
Clay,2024,1510.0
Clay,2025,1412.0
Clay,2026,1338.0
Doddridge,2011,1169.0
Doddridge,2012,1146.0
Doddridge,2013,1161.0
Doddridge,2014,1159.0
Doddridge,2015,1160.0
Doddridge,2016,1184.0
Doddridge,2017,1180.0
Doddridge,2018,1116.0
Doddridge,2019,1119.0
Doddridge,2020,1118.0
Doddridge,2021,1099.0
Doddridge,2022,1079.0
Doddridge,2023,1114.0
Doddridge,2024,1156.0
Doddridge,2025,1203.0
Doddridge,2026,1220.0
Fayette,2011,6827.0
Fayette,2012,6874.0
Fayette,2013,6867.0
Fayette,2014,6810.0
Fayette,2015,6788.0
Fayette,2016,6661.0
Fayette,2017,6487.0
Fayette,2018,6365.0
Fayette,2019,6143.0
Fayette,2020,5969.0
Fayette,2021,5657.0
Fayette,2022,5516.0
Fayette,2023,5542.0
Fayette,2024,5359.0
Fayette,2025,5215.0
Fayette,2026,5024.0
Gilmer,2011,943.0
Gilmer,2012,933.0
Gilmer,2013,945.0
Gilmer,2014,903.0
Gilmer,2015,904.0
Gilmer,2016,848.0
Gilmer,2017,838.0
Gilmer,2018,797.0
Gilmer,2019,811.0
Gilmer,2020,805.0
Gilmer,2021,773.0
Gilmer,2022,799.0
Gilmer,2023,790.0
Gilmer,2024,761.0
Gilmer,2025,720.0
Gilmer,2026,712.0
Grant,2011,1887.0
Grant,2012,1873.0
Grant,2013,1840.0
Grant,2014,1819.0
Grant,2015,1800.0
Grant,2016,1747.0
Grant,2017,1681.0
Grant,2018,1656.0
Grant,2019,1633.0
Grant,2020,1615.0
Grant,2021,1595.0
Grant,2022,1607.0
Grant,2023,1611.0
Grant,2024,1633.0
Grant,2025,1611.0
Grant,2026,1570.0
Greenbrier,2011,5247.0
Greenbrier,2012,5302.0
Greenbrier,2013,5223.0
Greenbrier,2014,5191.0
Greenbrier,2015,5159.0
Greenbrier,2016,5108.0
Greenbrier,2017,4962.0
Greenbrier,2018,4897.0
Greenbrier,2019,4813.0
Greenbrier,2020,4766.0
Greenbrier,2021,4668.0
Greenbrier,2022,4657.0
Greenbrier,2023,4652.0
Greenbrier,2024,4531.0
Greenbrier,2025,4376.0
Greenbrier,2026,4210.0
Hampshire,2011,3590.0
Hampshire,2012,3592.0
Hampshire,2013,3499.0
Hampshire,2014,3422.0
Hampshire,2015,3418.0
Hampshire,2016,3328.0
Hampshire,2017,3255.0
Hampshire,2018,3153.0
Hampshire,2019,2994.0
Hampshire,2020,2962.0
Hampshire,2021,2886.0
Hampshire,2022,2810.0
Hampshire,2023,2800.0
Hampshire,2024,2744.0
Hampshire,2025,2645.0
Hampshire,2026,2659.0
Hancock,2011,4308.0
Hancock,2012,4332.0
Hancock,2013,4202.0
Hancock,2014,4181.0
Hancock,2015,4170.0
Hancock,2016,4168.0
Hancock,2017,4064.0
Hancock,2018,4086.0
Hancock,2019,3991.0
Hancock,2020,3957.0
Hancock,2021,3754.0
Hancock,2022,3655.0
Hancock,2023,3494.0
Hancock,2024,3374.0
Hancock,2025,3311.0
Hancock,2026,3275.0
Hardy,2011,2297.0
Hardy,2012,2279.0
Hardy,2013,2348.0
Hardy,2014,2321.0
Hardy,2015,2352.0
Hardy,2016,2393.0
Hardy,2017,2381.0
Hardy,2018,2354.0
Hardy,2019,2340.0
Hardy,2020,2270.0
Hardy,2021,2240.0
Hardy,2022,2137.0
Hardy,2023,2190.0
Hardy,2024,2167.0
Hardy,2025,2182.0
Hardy,2026,2154.0
Harrison,2011,11128.0
Harrison,2012,11005.0
Harrison,2013,10935.0
Harrison,2014,10913.0
Harrison,2015,10946.0
Harrison,2016,10826.0
Harrison,2017,10699.0
Harrison,2018,10753.0
Harrison,2019,10734.0
Harrison,2020,10545.0
Harrison,2021,10073.0
Harrison,2022,9961.0
Harrison,2023,9924.0
Harrison,2024,9589.0
Harrison,2025,9318.0
Harrison,2026,8917.0
Jackson,2011,5046.0
Jackson,2012,4997.0
Jackson,2013,4965.0
Jackson,2014,4914.0
Jackson,2015,4902.0
Jackson,2016,4820.0
Jackson,2017,4727.0
Jackson,2018,4654.0
Jackson,2019,4581.0
Jackson,2020,4481.0
Jackson,2021,4263.0
Jackson,2022,4090.0
Jackson,2023,4129.0
Jackson,2024,4020.0
Jackson,2025,3968.0
Jackson,2026,3894.0
Jefferson,2011,8845.0
Jefferson,2012,8842.0
Jefferson,2013,8958.0
Jefferson,2014,9061.0
Jefferson,2015,9066.0
Jefferson,2016,9138.0
Jefferson,2017,9202.0
Jefferson,2018,9173.0
Jefferson,2019,9034.0
Jefferson,2020,8942.0
Jefferson,2021,8493.0
Jefferson,2022,8662.0
Jefferson,2023,8392.0
Jefferson,2024,8236.0
Jefferson,2025,8371.0
Jefferson,2026,8213.0
Kanawha,2011,28458.0
Kanawha,2012,28429.0
Kanawha,2013,28548.0
Kanawha,2014,28378.0
Kanawha,2015,27930.0
Kanawha,2016,27339.0
Kanawha,2017,26620.0
Kanawha,2018,26230.0
Kanawha,2019,25686.0
Kanawha,2020,25372.0
Kanawha,2021,24698.0
Kanawha,2022,24318.0
Kanawha,2023,23876.0
Kanawha,2024,23350.0
Kanawha,2025,23048.0
Kanawha,2026,22098.0
Lewis,2011,2605.0
Lewis,2012,2635.0
Lewis,2013,2626.0
Lewis,2014,2624.0
Lewis,2015,2576.0
Lewis,2016,2559.0
Lewis,2017,2561.0
Lewis,2018,2566.0
Lewis,2019,2558.0
Lewis,2020,2567.0
Lewis,2021,2473.0
Lewis,2022,2447.0
Lewis,2023,2386.0
Lewis,2024,2327.0
Lewis,2025,2209.0
Lewis,2026,2142.0
Lincoln,2011,3679.0
Lincoln,2012,3689.0
Lincoln,2013,3736.0
Lincoln,2014,3691.0
Lincoln,2015,3711.0
Lincoln,2016,3627.0
Lincoln,2017,3540.0
Lincoln,2018,3462.0
Lincoln,2019,3391.0
Lincoln,2020,3295.0
Lincoln,2021,3111.0
Lincoln,2022,3076.0
Lincoln,2023,2942.0
Lincoln,2024,2852.0
Lincoln,2025,2713.0
Lincoln,2026,2638.0
Logan,2011,6449.0
Logan,2012,6393.0
Logan,2013,6426.0
Logan,2014,6271.0
Logan,2015,6156.0
Logan,2016,6063.0
Logan,2017,5846.0
Logan,2018,5798.0
Logan,2019,5563.0
Logan,2020,5438.0
Logan,2021,5188.0
Logan,2022,5131.0
Logan,2023,5116.0
Logan,2024,4802.0
Logan,2025,4654.0
Logan,2026,4343.0
Marion,2011,8104.0
Marion,2012,7960.0
Marion,2013,8096.0
Marion,2014,8036.0
Marion,2015,8168.0
Marion,2016,8106.0
Marion,2017,8105.0
Marion,2018,7999.0
Marion,2019,7838.0
Marion,2020,7873.0
Marion,2021,7579.0
Marion,2022,7377.0
Marion,2023,7385.0
Marion,2024,7263.0
Marion,2025,7097.0
Marion,2026,6903.0
Marshall,2011,4778.0
Marshall,2012,4726.0
Marshall,2013,4691.0
Marshall,2014,4708.0
Marshall,2015,4691.0
Marshall,2016,4652.0
Marshall,2017,4607.0
Marshall,2018,4671.0
Marshall,2019,4602.0
Marshall,2020,4420.0
Marshall,2021,4308.0
Marshall,2022,4294.0
Marshall,2023,4230.0
Marshall,2024,4121.0
Marshall,2025,4098.0
Marshall,2026,3992.0
Mason,2011,4381.0
Mason,2012,4311.0
Mason,2013,4323.0
Mason,2014,4312.0
Mason,2015,4251.0
Mason,2016,4244.0
Mason,2017,4152.0
Mason,2018,4165.0
Mason,2019,4071.0
Mason,2020,3928.0
Mason,2021,3835.0
Mason,2022,3867.0
Mason,2023,3774.0
Mason,2024,3624.0
Mason,2025,3542.0
Mason,2026,3462.0
McDowell,2011,3559.0
McDowell,2012,3535.0
McDowell,2013,3537.0
McDowell,2014,3437.0
McDowell,2015,3417.0
McDowell,2016,3296.0
McDowell,2017,3200.0
McDowell,2018,3056.0
McDowell,2019,2967.0
McDowell,2020,2825.0
McDowell,2021,2637.0
McDowell,2022,2551.0
McDowell,2023,2455.0
McDowell,2024,2353.0
McDowell,2025,2236.0
McDowell,2026,2089.0
Mercer,2011,9611.0
Mercer,2012,9657.0
Mercer,2013,9673.0
Mercer,2014,9585.0
Mercer,2015,9461.0
Mercer,2016,9366.0
Mercer,2017,9216.0
Mercer,2018,8960.0
Mercer,2019,8854.0
Mercer,2020,8688.0
Mercer,2021,8458.0
Mercer,2022,8544.0
Mercer,2023,8552.0
Mercer,2024,8401.0
Mercer,2025,8223.0
Mercer,2026,7903.0
Mineral,2011,4373.0
Mineral,2012,4282.0
Mineral,2013,4244.0
Mineral,2014,4187.0
Mineral,2015,4186.0
Mineral,2016,4190.0
Mineral,2017,4165.0
Mineral,2018,4105.0
Mineral,2019,4096.0
Mineral,2020,4038.0
Mineral,2021,3964.0
Mineral,2022,3961.0
Mineral,2023,3961.0
Mineral,2024,3905.0
Mineral,2025,3873.0
Mineral,2026,3884.0
Mingo,2011,4573.0
Mingo,2012,4506.0
Mingo,2013,4441.0
Mingo,2014,4403.0
Mingo,2015,4351.0
Mingo,2016,4202.0
Mingo,2017,4200.0
Mingo,2018,4209.0
Mingo,2019,4075.0
Mingo,2020,4003.0
Mingo,2021,3817.0
Mingo,2022,3780.0
Mingo,2023,3574.0
Mingo,2024,3402.0
Mingo,2025,3354.0
Mingo,2026,3253.0
Monongalia,2011,10731.0
Monongalia,2012,10929.0
Monongalia,2013,11029.0
Monongalia,2014,11192.0
Monongalia,2015,11296.0
Monongalia,2016,11414.0
Monongalia,2017,11454.0
Monongalia,2018,11595.0
Monongalia,2019,11521.0
Monongalia,2020,11589.0
Monongalia,2021,11062.0
Monongalia,2022,11260.0
Monongalia,2023,11281.0
Monongalia,2024,11164.0
Monongalia,2025,11135.0
Monongalia,2026,11050.0
Monroe,2011,1921.0
Monroe,2012,1884.0
Monroe,2013,1852.0
Monroe,2014,1820.0
Monroe,2015,1839.0
Monroe,2016,1814.0
Monroe,2017,1829.0
Monroe,2018,1784.0
Monroe,2019,1736.0
Monroe,2020,1684.0
Monroe,2021,1647.0
Monroe,2022,1626.0
Monroe,2023,1630.0
Monroe,2024,1614.0
Monroe,2025,1594.0
Monroe,2026,1548.0
Morgan,2011,2617.0
Morgan,2012,2586.0
Morgan,2013,2572.0
Morgan,2014,2580.0
Morgan,2015,2505.0
Morgan,2016,2404.0
Morgan,2017,2323.0
Morgan,2018,2332.0
Morgan,2019,2302.0
Morgan,2020,2219.0
Morgan,2021,2178.0
Morgan,2022,2216.0
Morgan,2023,2179.0
Morgan,2024,2144.0
Morgan,2025,2111.0
Morgan,2026,2062.0
Nicholas,2011,4076.0
Nicholas,2012,4051.0
Nicholas,2013,4035.0
Nicholas,2014,3956.0
Nicholas,2015,3953.0
Nicholas,2016,3870.0
Nicholas,2017,3795.0
Nicholas,2018,3738.0
Nicholas,2019,3693.0
Nicholas,2020,3587.0
Nicholas,2021,3444.0
Nicholas,2022,3447.0
Nicholas,2023,3465.0
Nicholas,2024,3338.0
Nicholas,2025,3185.0
Nicholas,2026,3002.0
Ohio,2011,5370.0
Ohio,2012,5469.0
Ohio,2013,5485.0
Ohio,2014,5428.0
Ohio,2015,5453.0
Ohio,2016,5379.0
Ohio,2017,5367.0
Ohio,2018,5269.0
Ohio,2019,5222.0
Ohio,2020,5202.0
Ohio,2021,5056.0
Ohio,2022,5023.0
Ohio,2023,4965.0
Ohio,2024,4865.0
Ohio,2025,4684.0
Ohio,2026,4554.0
Pendleton,2011,1065.0
Pendleton,2012,1045.0
Pendleton,2013,1007.0
Pendleton,2014,1001.0
Pendleton,2015,946.0
Pendleton,2016,957.0
Pendleton,2017,931.0
Pendleton,2018,932.0
Pendleton,2019,929.0
Pendleton,2020,860.0
Pendleton,2021,869.0
Pendleton,2022,869.0
Pendleton,2023,865.0
Pendleton,2024,846.0
Pendleton,2025,850.0
Pendleton,2026,843.0
Pleasants,2011,1278.0
Pleasants,2012,1253.0
Pleasants,2013,1243.0
Pleasants,2014,1232.0
Pleasants,2015,1212.0
Pleasants,2016,1163.0
Pleasants,2017,1137.0
Pleasants,2018,1145.0
Pleasants,2019,1100.0
Pleasants,2020,1093.0
Pleasants,2021,1050.0
Pleasants,2022,1066.0
Pleasants,2023,1086.0
Pleasants,2024,1051.0
Pleasants,2025,1040.0
Pleasants,2026,1011.0
Pocahontas,2011,1183.0
Pocahontas,2012,1145.0
Pocahontas,2013,1133.0
Pocahontas,2014,1112.0
Pocahontas,2015,1074.0
Pocahontas,2016,1067.0
Pocahontas,2017,1061.0
Pocahontas,2018,1025.0
Pocahontas,2019,1004.0
Pocahontas,2020,978.0
Pocahontas,2021,955.0
Pocahontas,2022,942.0
Pocahontas,2023,916.0
Pocahontas,2024,918.0
Pocahontas,2025,893.0
Pocahontas,2026,833.0
Preston,2011,4600.0
Preston,2012,4607.0
Preston,2013,4575.0
Preston,2014,4583.0
Preston,2015,4583.0
Preston,2016,4544.0
Preston,2017,4513.0
Preston,2018,4518.0
Preston,2019,4408.0
Preston,2020,4373.0
Preston,2021,4205.0
Preston,2022,4231.0
Preston,2023,4077.0
Preston,2024,3951.0
Preston,2025,3763.0
Preston,2026,3549.0
Putnam,2011,9631.0
Putnam,2012,9779.0
Putnam,2013,9788.0
Putnam,2014,9907.0
Putnam,2015,9792.0
Putnam,2016,9761.0
Putnam,2017,9715.0
Putnam,2018,9628.0
Putnam,2019,9536.0
Putnam,2020,9460.0
Putnam,2021,9138.0
Putnam,2022,9120.0
Putnam,2023,8978.0
Putnam,2024,8784.0
Putnam,2025,8497.0
Putnam,2026,8355.0
Raleigh,2011,12372.0
Raleigh,2012,12456.0
Raleigh,2013,12580.0
Raleigh,2014,12568.0
Raleigh,2015,12428.0
Raleigh,2016,12328.0
Raleigh,2017,12149.0
Raleigh,2018,11993.0
Raleigh,2019,11627.0
Raleigh,2020,11390.0
Raleigh,2021,10849.0
Raleigh,2022,10778.0
Raleigh,2023,10845.0
Raleigh,2024,10517.0
Raleigh,2025,10272.0
Raleigh,2026,10081.0
Randolph,2011,4294.0
Randolph,2012,4254.0
Randolph,2013,4273.0
Randolph,2014,4225.0
Randolph,2015,4065.0
Randolph,2016,4051.0
Randolph,2017,4048.0
Randolph,2018,4033.0
Randolph,2019,3949.0
Randolph,2020,3872.0
Randolph,2021,3789.0
Randolph,2022,3623.0
Randolph,2023,3625.0
Randolph,2024,3532.0
Randolph,2025,3487.0
Randolph,2026,3353.0
Ritchie,2011,1578.0
Ritchie,2012,1544.0
Ritchie,2013,1549.0
Ritchie,2014,1516.0
Ritchie,2015,1500.0
Ritchie,2016,1488.0
Ritchie,2017,1444.0
Ritchie,2018,1457.0
Ritchie,2019,1357.0
Ritchie,2020,1339.0
Ritchie,2021,1294.0
Ritchie,2022,1247.0
Ritchie,2023,1242.0
Ritchie,2024,1157.0
Ritchie,2025,1130.0
Ritchie,2026,1111.0
Roane,2011,2505.0
Roane,2012,2485.0
Roane,2013,2455.0
Roane,2014,2443.0
Roane,2015,2378.0
Roane,2016,2334.0
Roane,2017,2304.0
Roane,2018,2226.0
Roane,2019,2090.0
Roane,2020,2010.0
Roane,2021,1901.0
Roane,2022,1800.0
Roane,2023,1796.0
Roane,2024,1688.0
Roane,2025,1630.0
Roane,2026,1545.0
Summers,2011,1551.0
Summers,2012,1564.0
Summers,2013,1569.0
Summers,2014,1596.0
Summers,2015,1635.0
Summers,2016,1573.0
Summers,2017,1559.0
Summers,2018,1518.0
Summers,2019,1486.0
Summers,2020,1448.0
Summers,2021,1387.0
Summers,2022,1341.0
Summers,2023,1306.0
Summers,2024,1210.0
Summers,2025,1133.0
Summers,2026,1053.0
Taylor,2011,2395.0
Taylor,2012,2390.0
Taylor,2013,2409.0
Taylor,2014,2423.0
Taylor,2015,2406.0
Taylor,2016,2450.0
Taylor,2017,2456.0
Taylor,2018,2432.0
Taylor,2019,2404.0
Taylor,2020,2381.0
Taylor,2021,2293.0
Taylor,2022,2262.0
Taylor,2023,2187.0
Taylor,2024,2161.0
Taylor,2025,2117.0
Taylor,2026,2013.0
Tucker,2011,1053.0
Tucker,2012,1073.0
Tucker,2013,1031.0
Tucker,2014,1029.0
Tucker,2015,1023.0
Tucker,2016,1022.0
Tucker,2017,978.0
Tucker,2018,1008.0
Tucker,2019,1009.0
Tucker,2020,974.0
Tucker,2021,928.0
Tucker,2022,956.0
Tucker,2023,960.0
Tucker,2024,942.0
Tucker,2025,918.0
Tucker,2026,906.0
Tyler,2011,1419.0
Tyler,2012,1407.0
Tyler,2013,1373.0
Tyler,2014,1348.0
Tyler,2015,1304.0
Tyler,2016,1303.0
Tyler,2017,1309.0
Tyler,2018,1291.0
Tyler,2019,1260.0
Tyler,2020,1233.0
Tyler,2021,1185.0
Tyler,2022,1228.0
Tyler,2023,1250.0
Tyler,2024,1191.0
Tyler,2025,1184.0
Tyler,2026,1224.0
Upshur,2011,3867.0
Upshur,2012,3859.0
Upshur,2013,3854.0
Upshur,2014,3822.0
Upshur,2015,3832.0
Upshur,2016,3794.0
Upshur,2017,3785.0
Upshur,2018,3757.0
Upshur,2019,3762.0
Upshur,2020,3737.0
Upshur,2021,3701.0
Upshur,2022,3947.0
Upshur,2023,3774.0
Upshur,2024,3599.0
Upshur,2025,3376.0
Upshur,2026,3194.0
Wayne,2011,7448.0
Wayne,2012,7453.0
Wayne,2013,7508.0
Wayne,2014,7446.0
Wayne,2015,7412.0
Wayne,2016,7315.0
Wayne,2017,7135.0
Wayne,2018,6999.0
Wayne,2019,6730.0
Wayne,2020,6660.0
Wayne,2021,6421.0
Wayne,2022,6309.0
Wayne,2023,6222.0
Wayne,2024,6082.0
Wayne,2025,5915.0
Wayne,2026,5679.0
Webster,2011,1534.0
Webster,2012,1505.0
Webster,2013,1493.0
Webster,2014,1446.0
Webster,2015,1438.0
Webster,2016,1407.0
Webster,2017,1396.0
Webster,2018,1366.0
Webster,2019,1312.0
Webster,2020,1273.0
Webster,2021,1194.0
Webster,2022,1204.0
Webster,2023,1187.0
Webster,2024,1116.0
Webster,2025,1048.0
Webster,2026,990.0
Wetzel,2011,2844.0
Wetzel,2012,2855.0
Wetzel,2013,2818.0
Wetzel,2014,2757.0
Wetzel,2015,2729.0
Wetzel,2016,2688.0
Wetzel,2017,2554.0
Wetzel,2018,2531.0
Wetzel,2019,2479.0
Wetzel,2020,2422.0
Wetzel,2021,2332.0
Wetzel,2022,2264.0
Wetzel,2023,2216.0
Wetzel,2024,2178.0
Wetzel,2025,2140.0
Wetzel,2026,1979.0
Wirt,2011,1010.0
Wirt,2012,1000.0
Wirt,2013,1035.0
Wirt,2014,1022.0
Wirt,2015,1039.0
Wirt,2016,1073.0
Wirt,2017,1025.0
Wirt,2018,1035.0
Wirt,2019,1009.0
Wirt,2020,995.0
Wirt,2021,948.0
Wirt,2022,923.0
Wirt,2023,920.0
Wirt,2024,899.0
Wirt,2025,862.0
Wirt,2026,831.0
Wood,2011,13462.0
Wood,2012,13455.0
Wood,2013,13341.0
Wood,2014,13260.0
Wood,2015,13259.0
Wood,2016,13086.0
Wood,2017,12860.0
Wood,2018,12606.0
Wood,2019,12384.0
Wood,2020,12216.0
Wood,2021,11855.0
Wood,2022,11886.0
Wood,2023,11653.0
Wood,2024,11314.0
Wood,2025,11045.0
Wood,2026,10789.0
Wyoming,2011,4229.0
Wyoming,2012,4197.0
Wyoming,2013,4270.0
Wyoming,2014,4256.0
Wyoming,2015,4142.0
Wyoming,2016,4060.0
Wyoming,2017,3977.0
Wyoming,2018,3936.0
Wyoming,2019,3848.0
Wyoming,2020,3771.0
Wyoming,2021,3588.0
Wyoming,2022,3562.0
Wyoming,2023,3526.0
Wyoming,2024,3366.0
Wyoming,2025,3264.0
Wyoming,2026,3133.0
