year,county_name,fips,school_age_pop_pep,county
2011,Barbour County,54001,2642,Barbour
2012,Barbour County,54001,2627,Barbour
2013,Barbour County,54001,2602,Barbour
2014,Barbour County,54001,2595,Barbour
2015,Barbour County,54001,2582,Barbour
2016,Barbour County,54001,2522,Barbour
2017,Barbour County,54001,2431,Barbour
2018,Barbour County,54001,2434,Barbour
2019,Barbour County,54001,2418,Barbour
2020,Barbour County,54001,2325,Barbour
2021,Barbour County,54001,2366,Barbour
2022,Barbour County,54001,2429,Barbour
2023,Barbour County,54001,2418,Barbour
2024,Barbour County,54001,2355,Barbour
2025,Barbour County,54001,2353,Barbour
2011,Berkeley County,54003,19134,Berkeley
2012,Berkeley County,54003,19317,Berkeley
2013,Berkeley County,54003,19447,Berkeley
2014,Berkeley County,54003,19713,Berkeley
2015,Berkeley County,54003,19663,Berkeley
2016,Berkeley County,54003,19858,Berkeley
2017,Berkeley County,54003,19929,Berkeley
2018,Berkeley County,54003,20057,Berkeley
2019,Berkeley County,54003,20188,Berkeley
2020,Berkeley County,54003,21293,Berkeley
2021,Berkeley County,54003,21753,Berkeley
2022,Berkeley County,54003,22362,Berkeley
2023,Berkeley County,54003,22822,Berkeley
2024,Berkeley County,54003,23095,Berkeley
2025,Berkeley County,54003,23323,Berkeley
2011,Boone County,54005,4066,Boone
2012,Boone County,54005,4090,Boone
2013,Boone County,54005,4043,Boone
2014,Boone County,54005,3945,Boone
2015,Boone County,54005,3875,Boone
2016,Boone County,54005,3778,Boone
2017,Boone County,54005,3680,Boone
2018,Boone County,54005,3567,Boone
2019,Boone County,54005,3374,Boone
2020,Boone County,54005,3515,Boone
2021,Boone County,54005,3404,Boone
2022,Boone County,54005,3291,Boone
2023,Boone County,54005,3243,Boone
2024,Boone County,54005,3209,Boone
2025,Boone County,54005,3121,Boone
2011,Braxton County,54007,2178,Braxton
2012,Braxton County,54007,2121,Braxton
2013,Braxton County,54007,2124,Braxton
2014,Braxton County,54007,2122,Braxton
2015,Braxton County,54007,2084,Braxton
2016,Braxton County,54007,2102,Braxton
2017,Braxton County,54007,2069,Braxton
2018,Braxton County,54007,2029,Braxton
2019,Braxton County,54007,2008,Braxton
2020,Braxton County,54007,1808,Braxton
2021,Braxton County,54007,1780,Braxton
2022,Braxton County,54007,1738,Braxton
2023,Braxton County,54007,1742,Braxton
2024,Braxton County,54007,1725,Braxton
2025,Braxton County,54007,1650,Braxton
2011,Brooke County,54009,3448,Brooke
2012,Brooke County,54009,3357,Brooke
2013,Brooke County,54009,3375,Brooke
2014,Brooke County,54009,3260,Brooke
2015,Brooke County,54009,3193,Brooke
2016,Brooke County,54009,3070,Brooke
2017,Brooke County,54009,2998,Brooke
2018,Brooke County,54009,2952,Brooke
2019,Brooke County,54009,2805,Brooke
2020,Brooke County,54009,3006,Brooke
2021,Brooke County,54009,2910,Brooke
2022,Brooke County,54009,2850,Brooke
2023,Brooke County,54009,2753,Brooke
2024,Brooke County,54009,2717,Brooke
2025,Brooke County,54009,2640,Brooke
2011,Cabell County,54011,13403,Cabell
2012,Cabell County,54011,13577,Cabell
2013,Cabell County,54011,13513,Cabell
2014,Cabell County,54011,13639,Cabell
2015,Cabell County,54011,13758,Cabell
2016,Cabell County,54011,13612,Cabell
2017,Cabell County,54011,13471,Cabell
2018,Cabell County,54011,13387,Cabell
2019,Cabell County,54011,13132,Cabell
2020,Cabell County,54011,13376,Cabell
2021,Cabell County,54011,13235,Cabell
2022,Cabell County,54011,13082,Cabell
2023,Cabell County,54011,13176,Cabell
2024,Cabell County,54011,13111,Cabell
2025,Cabell County,54011,12974,Cabell
2011,Calhoun County,54013,1103,Calhoun
2012,Calhoun County,54013,1110,Calhoun
2013,Calhoun County,54013,1090,Calhoun
2014,Calhoun County,54013,1056,Calhoun
2015,Calhoun County,54013,1043,Calhoun
2016,Calhoun County,54013,1029,Calhoun
2017,Calhoun County,54013,1041,Calhoun
2018,Calhoun County,54013,1018,Calhoun
2019,Calhoun County,54013,981,Calhoun
2020,Calhoun County,54013,925,Calhoun
2021,Calhoun County,54013,937,Calhoun
2022,Calhoun County,54013,904,Calhoun
2023,Calhoun County,54013,885,Calhoun
2024,Calhoun County,54013,858,Calhoun
2025,Calhoun County,54013,871,Calhoun
2011,Clay County,54015,1651,Clay
2012,Clay County,54015,1580,Clay
2013,Clay County,54015,1575,Clay
2014,Clay County,54015,1515,Clay
2015,Clay County,54015,1522,Clay
2016,Clay County,54015,1486,Clay
2017,Clay County,54015,1480,Clay
2018,Clay County,54015,1433,Clay
2019,Clay County,54015,1431,Clay
2020,Clay County,54015,1367,Clay
2021,Clay County,54015,1349,Clay
2022,Clay County,54015,1308,Clay
2023,Clay County,54015,1296,Clay
2024,Clay County,54015,1280,Clay
2025,Clay County,54015,1233,Clay
2011,Doddridge County,54017,1221,Doddridge
2012,Doddridge County,54017,1229,Doddridge
2013,Doddridge County,54017,1224,Doddridge
2014,Doddridge County,54017,1162,Doddridge
2015,Doddridge County,54017,1147,Doddridge
2016,Doddridge County,54017,1109,Doddridge
2017,Doddridge County,54017,1069,Doddridge
2018,Doddridge County,54017,989,Doddridge
2019,Doddridge County,54017,950,Doddridge
2020,Doddridge County,54017,1047,Doddridge
2021,Doddridge County,54017,1032,Doddridge
2022,Doddridge County,54017,1024,Doddridge
2023,Doddridge County,54017,997,Doddridge
2024,Doddridge County,54017,986,Doddridge
2025,Doddridge County,54017,972,Doddridge
2011,Fayette County,54019,6786,Fayette
2012,Fayette County,54019,6855,Fayette
2013,Fayette County,54019,6780,Fayette
2014,Fayette County,54019,6692,Fayette
2015,Fayette County,54019,6592,Fayette
2016,Fayette County,54019,6555,Fayette
2017,Fayette County,54019,6551,Fayette
2018,Fayette County,54019,6623,Fayette
2019,Fayette County,54019,6537,Fayette
2020,Fayette County,54019,6455,Fayette
2021,Fayette County,54019,6350,Fayette
2022,Fayette County,54019,6234,Fayette
2023,Fayette County,54019,6107,Fayette
2024,Fayette County,54019,5938,Fayette
2025,Fayette County,54019,5809,Fayette
2011,Gilmer County,54021,913,Gilmer
2012,Gilmer County,54021,901,Gilmer
2013,Gilmer County,54021,888,Gilmer
2014,Gilmer County,54021,871,Gilmer
2015,Gilmer County,54021,849,Gilmer
2016,Gilmer County,54021,854,Gilmer
2017,Gilmer County,54021,845,Gilmer
2018,Gilmer County,54021,857,Gilmer
2019,Gilmer County,54021,845,Gilmer
2020,Gilmer County,54021,865,Gilmer
2021,Gilmer County,54021,877,Gilmer
2022,Gilmer County,54021,888,Gilmer
2023,Gilmer County,54021,864,Gilmer
2024,Gilmer County,54021,826,Gilmer
2025,Gilmer County,54021,823,Gilmer
2011,Grant County,54023,1839,Grant
2012,Grant County,54023,1798,Grant
2013,Grant County,54023,1765,Grant
2014,Grant County,54023,1734,Grant
2015,Grant County,54023,1728,Grant
2016,Grant County,54023,1677,Grant
2017,Grant County,54023,1637,Grant
2018,Grant County,54023,1613,Grant
2019,Grant County,54023,1600,Grant
2020,Grant County,54023,1535,Grant
2021,Grant County,54023,1532,Grant
2022,Grant County,54023,1535,Grant
2023,Grant County,54023,1562,Grant
2024,Grant County,54023,1550,Grant
2025,Grant County,54023,1581,Grant
2011,Greenbrier County,54025,5246,Greenbrier
2012,Greenbrier County,54025,5224,Greenbrier
2013,Greenbrier County,54025,5197,Greenbrier
2014,Greenbrier County,54025,5136,Greenbrier
2015,Greenbrier County,54025,5147,Greenbrier
2016,Greenbrier County,54025,5094,Greenbrier
2017,Greenbrier County,54025,5096,Greenbrier
2018,Greenbrier County,54025,4949,Greenbrier
2019,Greenbrier County,54025,4979,Greenbrier
2020,Greenbrier County,54025,4748,Greenbrier
2021,Greenbrier County,54025,4665,Greenbrier
2022,Greenbrier County,54025,4643,Greenbrier
2023,Greenbrier County,54025,4643,Greenbrier
2024,Greenbrier County,54025,4552,Greenbrier
2025,Greenbrier County,54025,4447,Greenbrier
2011,Hampshire County,54027,3987,Hampshire
2012,Hampshire County,54027,3886,Hampshire
2013,Hampshire County,54027,3721,Hampshire
2014,Hampshire County,54027,3614,Hampshire
2015,Hampshire County,54027,3534,Hampshire
2016,Hampshire County,54027,3491,Hampshire
2017,Hampshire County,54027,3404,Hampshire
2018,Hampshire County,54027,3250,Hampshire
2019,Hampshire County,54027,3160,Hampshire
2020,Hampshire County,54027,3368,Hampshire
2021,Hampshire County,54027,3358,Hampshire
2022,Hampshire County,54027,3321,Hampshire
2023,Hampshire County,54027,3303,Hampshire
2024,Hampshire County,54027,3325,Hampshire
2025,Hampshire County,54027,3373,Hampshire
2011,Hancock County,54029,4636,Hancock
2012,Hancock County,54029,4573,Hancock
2013,Hancock County,54029,4508,Hancock
2014,Hancock County,54029,4455,Hancock
2015,Hancock County,54029,4380,Hancock
2016,Hancock County,54029,4321,Hancock
2017,Hancock County,54029,4267,Hancock
2018,Hancock County,54029,4206,Hancock
2019,Hancock County,54029,4179,Hancock
2020,Hancock County,54029,4120,Hancock
2021,Hancock County,54029,3988,Hancock
2022,Hancock County,54029,3872,Hancock
2023,Hancock County,54029,3846,Hancock
2024,Hancock County,54029,3733,Hancock
2025,Hancock County,54029,3665,Hancock
2011,Hardy County,54031,2156,Hardy
2012,Hardy County,54031,2110,Hardy
2013,Hardy County,54031,2126,Hardy
2014,Hardy County,54031,2078,Hardy
2015,Hardy County,54031,2105,Hardy
2016,Hardy County,54031,2126,Hardy
2017,Hardy County,54031,2132,Hardy
2018,Hardy County,54031,2080,Hardy
2019,Hardy County,54031,2088,Hardy
2020,Hardy County,54031,2213,Hardy
2021,Hardy County,54031,2116,Hardy
2022,Hardy County,54031,2124,Hardy
2023,Hardy County,54031,2124,Hardy
2024,Hardy County,54031,2111,Hardy
2025,Hardy County,54031,2037,Hardy
2011,Harrison County,54033,11114,Harrison
2012,Harrison County,54033,10923,Harrison
2013,Harrison County,54033,10841,Harrison
2014,Harrison County,54033,10786,Harrison
2015,Harrison County,54033,10804,Harrison
2016,Harrison County,54033,10802,Harrison
2017,Harrison County,54033,10677,Harrison
2018,Harrison County,54033,10705,Harrison
2019,Harrison County,54033,10604,Harrison
2020,Harrison County,54033,10562,Harrison
2021,Harrison County,54033,10470,Harrison
2022,Harrison County,54033,10272,Harrison
2023,Harrison County,54033,10193,Harrison
2024,Harrison County,54033,10129,Harrison
2025,Harrison County,54033,9990,Harrison
2011,Jackson County,54035,4868,Jackson
2012,Jackson County,54035,4821,Jackson
2013,Jackson County,54035,4780,Jackson
2014,Jackson County,54035,4803,Jackson
2015,Jackson County,54035,4730,Jackson
2016,Jackson County,54035,4710,Jackson
2017,Jackson County,54035,4573,Jackson
2018,Jackson County,54035,4571,Jackson
2019,Jackson County,54035,4559,Jackson
2020,Jackson County,54035,4416,Jackson
2021,Jackson County,54035,4464,Jackson
2022,Jackson County,54035,4443,Jackson
2023,Jackson County,54035,4439,Jackson
2024,Jackson County,54035,4394,Jackson
2025,Jackson County,54035,4433,Jackson
2011,Jefferson County,54037,9513,Jefferson
2012,Jefferson County,54037,9551,Jefferson
2013,Jefferson County,54037,9468,Jefferson
2014,Jefferson County,54037,9550,Jefferson
2015,Jefferson County,54037,9644,Jefferson
2016,Jefferson County,54037,9597,Jefferson
2017,Jefferson County,54037,9578,Jefferson
2018,Jefferson County,54037,9584,Jefferson
2019,Jefferson County,54037,9529,Jefferson
2020,Jefferson County,54037,9751,Jefferson
2021,Jefferson County,54037,9661,Jefferson
2022,Jefferson County,54037,9511,Jefferson
2023,Jefferson County,54037,9481,Jefferson
2024,Jefferson County,54037,9575,Jefferson
2025,Jefferson County,54037,9596,Jefferson
2011,Kanawha County,54039,28534,Kanawha
2012,Kanawha County,54039,28541,Kanawha
2013,Kanawha County,54039,28463,Kanawha
2014,Kanawha County,54039,28290,Kanawha
2015,Kanawha County,54039,27885,Kanawha
2016,Kanawha County,54039,27323,Kanawha
2017,Kanawha County,54039,26880,Kanawha
2018,Kanawha County,54039,26440,Kanawha
2019,Kanawha County,54039,26251,Kanawha
2020,Kanawha County,54039,26415,Kanawha
2021,Kanawha County,54039,25959,Kanawha
2022,Kanawha County,54039,25371,Kanawha
2023,Kanawha County,54039,24993,Kanawha
2024,Kanawha County,54039,24750,Kanawha
2025,Kanawha County,54039,24338,Kanawha
2011,Lewis County,54041,2425,Lewis
2012,Lewis County,54041,2410,Lewis
2013,Lewis County,54041,2407,Lewis
2014,Lewis County,54041,2392,Lewis
2015,Lewis County,54041,2465,Lewis
2016,Lewis County,54041,2456,Lewis
2017,Lewis County,54041,2501,Lewis
2018,Lewis County,54041,2508,Lewis
2019,Lewis County,54041,2493,Lewis
2020,Lewis County,54041,2660,Lewis
2021,Lewis County,54041,2628,Lewis
2022,Lewis County,54041,2625,Lewis
2023,Lewis County,54041,2562,Lewis
2024,Lewis County,54041,2559,Lewis
2025,Lewis County,54041,2522,Lewis
2011,Lincoln County,54043,3578,Lincoln
2012,Lincoln County,54043,3592,Lincoln
2013,Lincoln County,54043,3543,Lincoln
2014,Lincoln County,54043,3551,Lincoln
2015,Lincoln County,54043,3493,Lincoln
2016,Lincoln County,54043,3502,Lincoln
2017,Lincoln County,54043,3427,Lincoln
2018,Lincoln County,54043,3371,Lincoln
2019,Lincoln County,54043,3422,Lincoln
2020,Lincoln County,54043,3433,Lincoln
2021,Lincoln County,54043,3365,Lincoln
2022,Lincoln County,54043,3313,Lincoln
2023,Lincoln County,54043,3286,Lincoln
2024,Lincoln County,54043,3206,Lincoln
2025,Lincoln County,54043,3156,Lincoln
2011,Logan County,54045,5522,Logan
2012,Logan County,54045,5489,Logan
2013,Logan County,54045,5393,Logan
2014,Logan County,54045,5226,Logan
2015,Logan County,54045,5088,Logan
2016,Logan County,54045,5016,Logan
2017,Logan County,54045,4937,Logan
2018,Logan County,54045,4914,Logan
2019,Logan County,54045,4856,Logan
2020,Logan County,54045,4868,Logan
2021,Logan County,54045,4743,Logan
2022,Logan County,54045,4690,Logan
2023,Logan County,54045,4678,Logan
2024,Logan County,54045,4589,Logan
2025,Logan County,54045,4565,Logan
2011,Marion County,54049,8037,Marion
2012,Marion County,54049,8049,Marion
2013,Marion County,54049,8071,Marion
2014,Marion County,54049,8175,Marion
2015,Marion County,54049,8143,Marion
2016,Marion County,54049,8124,Marion
2017,Marion County,54049,8184,Marion
2018,Marion County,54049,8154,Marion
2019,Marion County,54049,8127,Marion
2020,Marion County,54049,8353,Marion
2021,Marion County,54049,8322,Marion
2022,Marion County,54049,8272,Marion
2023,Marion County,54049,8279,Marion
2024,Marion County,54049,8187,Marion
2025,Marion County,54049,8174,Marion
2011,Marshall County,54051,5029,Marshall
2012,Marshall County,54051,4947,Marshall
2013,Marshall County,54051,4898,Marshall
2014,Marshall County,54051,4829,Marshall
2015,Marshall County,54051,4723,Marshall
2016,Marshall County,54051,4626,Marshall
2017,Marshall County,54051,4533,Marshall
2018,Marshall County,54051,4450,Marshall
2019,Marshall County,54051,4386,Marshall
2020,Marshall County,54051,4412,Marshall
2021,Marshall County,54051,4354,Marshall
2022,Marshall County,54051,4280,Marshall
2023,Marshall County,54051,4170,Marshall
2024,Marshall County,54051,4103,Marshall
2025,Marshall County,54051,4021,Marshall
2011,Mason County,54053,4356,Mason
2012,Mason County,54053,4315,Mason
2013,Mason County,54053,4336,Mason
2014,Mason County,54053,4292,Mason
2015,Mason County,54053,4260,Mason
2016,Mason County,54053,4262,Mason
2017,Mason County,54053,4208,Mason
2018,Mason County,54053,4151,Mason
2019,Mason County,54053,4085,Mason
2020,Mason County,54053,3931,Mason
2021,Mason County,54053,3944,Mason
2022,Mason County,54053,3856,Mason
2023,Mason County,54053,3795,Mason
2024,Mason County,54053,3747,Mason
2025,Mason County,54053,3673,Mason
2011,McDowell County,54047,3111,McDowell
2012,McDowell County,54047,3047,McDowell
2013,McDowell County,54047,3009,McDowell
2014,McDowell County,54047,2942,McDowell
2015,McDowell County,54047,2830,McDowell
2016,McDowell County,54047,2820,McDowell
2017,McDowell County,54047,2757,McDowell
2018,McDowell County,54047,2754,McDowell
2019,McDowell County,54047,2684,McDowell
2020,McDowell County,54047,2625,McDowell
2021,McDowell County,54047,2507,McDowell
2022,McDowell County,54047,2424,McDowell
2023,McDowell County,54047,2356,McDowell
2024,McDowell County,54047,2335,McDowell
2025,McDowell County,54047,2270,McDowell
2011,Mercer County,54055,9246,Mercer
2012,Mercer County,54055,9274,Mercer
2013,Mercer County,54055,9153,Mercer
2014,Mercer County,54055,9138,Mercer
2015,Mercer County,54055,9026,Mercer
2016,Mercer County,54055,8951,Mercer
2017,Mercer County,54055,8877,Mercer
2018,Mercer County,54055,8791,Mercer
2019,Mercer County,54055,8844,Mercer
2020,Mercer County,54055,8947,Mercer
2021,Mercer County,54055,8981,Mercer
2022,Mercer County,54055,9070,Mercer
2023,Mercer County,54055,9012,Mercer
2024,Mercer County,54055,8906,Mercer
2025,Mercer County,54055,8873,Mercer
2011,Mineral County,54057,4256,Mineral
2012,Mineral County,54057,4212,Mineral
2013,Mineral County,54057,4108,Mineral
2014,Mineral County,54057,4073,Mineral
2015,Mineral County,54057,4051,Mineral
2016,Mineral County,54057,4016,Mineral
2017,Mineral County,54057,4018,Mineral
2018,Mineral County,54057,3957,Mineral
2019,Mineral County,54057,3939,Mineral
2020,Mineral County,54057,4157,Mineral
2021,Mineral County,54057,4166,Mineral
2022,Mineral County,54057,4156,Mineral
2023,Mineral County,54057,4098,Mineral
2024,Mineral County,54057,4091,Mineral
2025,Mineral County,54057,4083,Mineral
2011,Mingo County,54059,4240,Mingo
2012,Mingo County,54059,4163,Mingo
2013,Mingo County,54059,4110,Mingo
2014,Mingo County,54059,4059,Mingo
2015,Mingo County,54059,3999,Mingo
2016,Mingo County,54059,3953,Mingo
2017,Mingo County,54059,3893,Mingo
2018,Mingo County,54059,3850,Mingo
2019,Mingo County,54059,3774,Mingo
2020,Mingo County,54059,3724,Mingo
2021,Mingo County,54059,3615,Mingo
2022,Mingo County,54059,3525,Mingo
2023,Mingo County,54059,3455,Mingo
2024,Mingo County,54059,3387,Mingo
2025,Mingo County,54059,3369,Mingo
2011,Monongalia County,54061,10998,Monongalia
2012,Monongalia County,54061,11107,Monongalia
2013,Monongalia County,54061,11308,Monongalia
2014,Monongalia County,54061,11510,Monongalia
2015,Monongalia County,54061,11550,Monongalia
2016,Monongalia County,54061,11754,Monongalia
2017,Monongalia County,54061,11824,Monongalia
2018,Monongalia County,54061,11958,Monongalia
2019,Monongalia County,54061,12036,Monongalia
2020,Monongalia County,54061,12789,Monongalia
2021,Monongalia County,54061,12828,Monongalia
2022,Monongalia County,54061,12773,Monongalia
2023,Monongalia County,54061,12733,Monongalia
2024,Monongalia County,54061,12580,Monongalia
2025,Monongalia County,54061,12530,Monongalia
2011,Monroe County,54063,2097,Monroe
2012,Monroe County,54063,2086,Monroe
2013,Monroe County,54063,2043,Monroe
2014,Monroe County,54063,2130,Monroe
2015,Monroe County,54063,2104,Monroe
2016,Monroe County,54063,2062,Monroe
2017,Monroe County,54063,2042,Monroe
2018,Monroe County,54063,2008,Monroe
2019,Monroe County,54063,1946,Monroe
2020,Monroe County,54063,1886,Monroe
2021,Monroe County,54063,1908,Monroe
2022,Monroe County,54063,1854,Monroe
2023,Monroe County,54063,1822,Monroe
2024,Monroe County,54063,1857,Monroe
2025,Monroe County,54063,1871,Monroe
2011,Morgan County,54065,2713,Morgan
2012,Morgan County,54065,2698,Morgan
2013,Morgan County,54065,2645,Morgan
2014,Morgan County,54065,2587,Morgan
2015,Morgan County,54065,2542,Morgan
2016,Morgan County,54065,2477,Morgan
2017,Morgan County,54065,2436,Morgan
2018,Morgan County,54065,2457,Morgan
2019,Morgan County,54065,2442,Morgan
2020,Morgan County,54065,2326,Morgan
2021,Morgan County,54065,2343,Morgan
2022,Morgan County,54065,2332,Morgan
2023,Morgan County,54065,2316,Morgan
2024,Morgan County,54065,2285,Morgan
2025,Morgan County,54065,2295,Morgan
2011,Nicholas County,54067,3999,Nicholas
2012,Nicholas County,54067,3936,Nicholas
2013,Nicholas County,54067,3900,Nicholas
2014,Nicholas County,54067,3862,Nicholas
2015,Nicholas County,54067,3872,Nicholas
2016,Nicholas County,54067,3815,Nicholas
2017,Nicholas County,54067,3813,Nicholas
2018,Nicholas County,54067,3801,Nicholas
2019,Nicholas County,54067,3785,Nicholas
2020,Nicholas County,54067,3699,Nicholas
2021,Nicholas County,54067,3684,Nicholas
2022,Nicholas County,54067,3646,Nicholas
2023,Nicholas County,54067,3597,Nicholas
2024,Nicholas County,54067,3513,Nicholas
2025,Nicholas County,54067,3473,Nicholas
2011,Ohio County,54069,6162,Ohio
2012,Ohio County,54069,6137,Ohio
2013,Ohio County,54069,6103,Ohio
2014,Ohio County,54069,5999,Ohio
2015,Ohio County,54069,6001,Ohio
2016,Ohio County,54069,5922,Ohio
2017,Ohio County,54069,5885,Ohio
2018,Ohio County,54069,5822,Ohio
2019,Ohio County,54069,5842,Ohio
2020,Ohio County,54069,6138,Ohio
2021,Ohio County,54069,6044,Ohio
2022,Ohio County,54069,6009,Ohio
2023,Ohio County,54069,5908,Ohio
2024,Ohio County,54069,5824,Ohio
2025,Ohio County,54069,5636,Ohio
2011,Pendleton County,54071,1035,Pendleton
2012,Pendleton County,54071,1008,Pendleton
2013,Pendleton County,54071,960,Pendleton
2014,Pendleton County,54071,942,Pendleton
2015,Pendleton County,54071,936,Pendleton
2016,Pendleton County,54071,916,Pendleton
2017,Pendleton County,54071,923,Pendleton
2018,Pendleton County,54071,947,Pendleton
2019,Pendleton County,54071,948,Pendleton
2020,Pendleton County,54071,781,Pendleton
2021,Pendleton County,54071,791,Pendleton
2022,Pendleton County,54071,812,Pendleton
2023,Pendleton County,54071,802,Pendleton
2024,Pendleton County,54071,803,Pendleton
2025,Pendleton County,54071,783,Pendleton
2011,Pleasants County,54073,1176,Pleasants
2012,Pleasants County,54073,1151,Pleasants
2013,Pleasants County,54073,1152,Pleasants
2014,Pleasants County,54073,1142,Pleasants
2015,Pleasants County,54073,1117,Pleasants
2016,Pleasants County,54073,1083,Pleasants
2017,Pleasants County,54073,1041,Pleasants
2018,Pleasants County,54073,1023,Pleasants
2019,Pleasants County,54073,1011,Pleasants
2020,Pleasants County,54073,1049,Pleasants
2021,Pleasants County,54073,1038,Pleasants
2022,Pleasants County,54073,1032,Pleasants
2023,Pleasants County,54073,1026,Pleasants
2024,Pleasants County,54073,1010,Pleasants
2025,Pleasants County,54073,1006,Pleasants
2011,Pocahontas County,54075,1142,Pocahontas
2012,Pocahontas County,54075,1126,Pocahontas
2013,Pocahontas County,54075,1118,Pocahontas
2014,Pocahontas County,54075,1113,Pocahontas
2015,Pocahontas County,54075,1069,Pocahontas
2016,Pocahontas County,54075,1077,Pocahontas
2017,Pocahontas County,54075,1066,Pocahontas
2018,Pocahontas County,54075,1057,Pocahontas
2019,Pocahontas County,54075,1028,Pocahontas
2020,Pocahontas County,54075,987,Pocahontas
2021,Pocahontas County,54075,990,Pocahontas
2022,Pocahontas County,54075,986,Pocahontas
2023,Pocahontas County,54075,999,Pocahontas
2024,Pocahontas County,54075,993,Pocahontas
2025,Pocahontas County,54075,1013,Pocahontas
2011,Preston County,54077,4798,Preston
2012,Preston County,54077,4826,Preston
2013,Preston County,54077,4806,Preston
2014,Preston County,54077,4816,Preston
2015,Preston County,54077,4788,Preston
2016,Preston County,54077,4785,Preston
2017,Preston County,54077,4807,Preston
2018,Preston County,54077,4765,Preston
2019,Preston County,54077,4720,Preston
2020,Preston County,54077,4760,Preston
2021,Preston County,54077,4794,Preston
2022,Preston County,54077,4850,Preston
2023,Preston County,54077,4748,Preston
2024,Preston County,54077,4721,Preston
2025,Preston County,54077,4660,Preston
2011,Putnam County,54079,9874,Putnam
2012,Putnam County,54079,9924,Putnam
2013,Putnam County,54079,9907,Putnam
2014,Putnam County,54079,9912,Putnam
2015,Putnam County,54079,9740,Putnam
2016,Putnam County,54079,9683,Putnam
2017,Putnam County,54079,9692,Putnam
2018,Putnam County,54079,9571,Putnam
2019,Putnam County,54079,9505,Putnam
2020,Putnam County,54079,10058,Putnam
2021,Putnam County,54079,9996,Putnam
2022,Putnam County,54079,9757,Putnam
2023,Putnam County,54079,9577,Putnam
2024,Putnam County,54079,9261,Putnam
2025,Putnam County,54079,9068,Putnam
2011,Raleigh County,54081,11770,Raleigh
2012,Raleigh County,54081,11804,Raleigh
2013,Raleigh County,54081,11867,Raleigh
2014,Raleigh County,54081,11833,Raleigh
2015,Raleigh County,54081,11796,Raleigh
2016,Raleigh County,54081,11786,Raleigh
2017,Raleigh County,54081,11636,Raleigh
2018,Raleigh County,54081,11467,Raleigh
2019,Raleigh County,54081,11375,Raleigh
2020,Raleigh County,54081,11666,Raleigh
2021,Raleigh County,54081,11650,Raleigh
2022,Raleigh County,54081,11520,Raleigh
2023,Raleigh County,54081,11434,Raleigh
2024,Raleigh County,54081,11262,Raleigh
2025,Raleigh County,54081,11105,Raleigh
2011,Randolph County,54083,4148,Randolph
2012,Randolph County,54083,4133,Randolph
2013,Randolph County,54083,4180,Randolph
2014,Randolph County,54083,4091,Randolph
2015,Randolph County,54083,4027,Randolph
2016,Randolph County,54083,3975,Randolph
2017,Randolph County,54083,3977,Randolph
2018,Randolph County,54083,3963,Randolph
2019,Randolph County,54083,3916,Randolph
2020,Randolph County,54083,3847,Randolph
2021,Randolph County,54083,3852,Randolph
2022,Randolph County,54083,3770,Randolph
2023,Randolph County,54083,3750,Randolph
2024,Randolph County,54083,3661,Randolph
2025,Randolph County,54083,3641,Randolph
2011,Ritchie County,54085,1617,Ritchie
2012,Ritchie County,54085,1587,Ritchie
2013,Ritchie County,54085,1559,Ritchie
2014,Ritchie County,54085,1548,Ritchie
2015,Ritchie County,54085,1540,Ritchie
2016,Ritchie County,54085,1488,Ritchie
2017,Ritchie County,54085,1453,Ritchie
2018,Ritchie County,54085,1468,Ritchie
2019,Ritchie County,54085,1399,Ritchie
2020,Ritchie County,54085,1196,Ritchie
2021,Ritchie County,54085,1193,Ritchie
2022,Ritchie County,54085,1184,Ritchie
2023,Ritchie County,54085,1165,Ritchie
2024,Ritchie County,54085,1155,Ritchie
2025,Ritchie County,54085,1154,Ritchie
2011,Roane County,54087,2385,Roane
2012,Roane County,54087,2352,Roane
2013,Roane County,54087,2365,Roane
2014,Roane County,54087,2376,Roane
2015,Roane County,54087,2342,Roane
2016,Roane County,54087,2312,Roane
2017,Roane County,54087,2275,Roane
2018,Roane County,54087,2220,Roane
2019,Roane County,54087,2163,Roane
2020,Roane County,54087,2201,Roane
2021,Roane County,54087,2179,Roane
2022,Roane County,54087,2103,Roane
2023,Roane County,54087,2060,Roane
2024,Roane County,54087,1988,Roane
2025,Roane County,54087,1912,Roane
2011,Summers County,54089,1832,Summers
2012,Summers County,54089,1821,Summers
2013,Summers County,54089,1773,Summers
2014,Summers County,54089,1728,Summers
2015,Summers County,54089,1720,Summers
2016,Summers County,54089,1663,Summers
2017,Summers County,54089,1660,Summers
2018,Summers County,54089,1610,Summers
2019,Summers County,54089,1539,Summers
2020,Summers County,54089,1564,Summers
2021,Summers County,54089,1566,Summers
2022,Summers County,54089,1549,Summers
2023,Summers County,54089,1506,Summers
2024,Summers County,54089,1506,Summers
2025,Summers County,54089,1463,Summers
2011,Taylor County,54091,2544,Taylor
2012,Taylor County,54091,2513,Taylor
2013,Taylor County,54091,2516,Taylor
2014,Taylor County,54091,2563,Taylor
2015,Taylor County,54091,2515,Taylor
2016,Taylor County,54091,2527,Taylor
2017,Taylor County,54091,2537,Taylor
2018,Taylor County,54091,2509,Taylor
2019,Taylor County,54091,2518,Taylor
2020,Taylor County,54091,2617,Taylor
2021,Taylor County,54091,2537,Taylor
2022,Taylor County,54091,2491,Taylor
2023,Taylor County,54091,2440,Taylor
2024,Taylor County,54091,2428,Taylor
2025,Taylor County,54091,2329,Taylor
2011,Tucker County,54093,1014,Tucker
2012,Tucker County,54093,984,Tucker
2013,Tucker County,54093,940,Tucker
2014,Tucker County,54093,899,Tucker
2015,Tucker County,54093,872,Tucker
2016,Tucker County,54093,821,Tucker
2017,Tucker County,54093,775,Tucker
2018,Tucker County,54093,763,Tucker
2019,Tucker County,54093,738,Tucker
2020,Tucker County,54093,960,Tucker
2021,Tucker County,54093,927,Tucker
2022,Tucker County,54093,892,Tucker
2023,Tucker County,54093,885,Tucker
2024,Tucker County,54093,880,Tucker
2025,Tucker County,54093,856,Tucker
2011,Tyler County,54095,1417,Tyler
2012,Tyler County,54095,1390,Tyler
2013,Tyler County,54095,1350,Tyler
2014,Tyler County,54095,1353,Tyler
2015,Tyler County,54095,1313,Tyler
2016,Tyler County,54095,1321,Tyler
2017,Tyler County,54095,1287,Tyler
2018,Tyler County,54095,1276,Tyler
2019,Tyler County,54095,1255,Tyler
2020,Tyler County,54095,1283,Tyler
2021,Tyler County,54095,1268,Tyler
2022,Tyler County,54095,1242,Tyler
2023,Tyler County,54095,1214,Tyler
2024,Tyler County,54095,1218,Tyler
2025,Tyler County,54095,1223,Tyler
2011,Upshur County,54097,3610,Upshur
2012,Upshur County,54097,3657,Upshur
2013,Upshur County,54097,3650,Upshur
2014,Upshur County,54097,3652,Upshur
2015,Upshur County,54097,3673,Upshur
2016,Upshur County,54097,3690,Upshur
2017,Upshur County,54097,3719,Upshur
2018,Upshur County,54097,3717,Upshur
2019,Upshur County,54097,3701,Upshur
2020,Upshur County,54097,3717,Upshur
2021,Upshur County,54097,3719,Upshur
2022,Upshur County,54097,3698,Upshur
2023,Upshur County,54097,3668,Upshur
2024,Upshur County,54097,3624,Upshur
2025,Upshur County,54097,3575,Upshur
2011,Wayne County,54099,6978,Wayne
2012,Wayne County,54099,6940,Wayne
2013,Wayne County,54099,6885,Wayne
2014,Wayne County,54099,6782,Wayne
2015,Wayne County,54099,6681,Wayne
2016,Wayne County,54099,6454,Wayne
2017,Wayne County,54099,6245,Wayne
2018,Wayne County,54099,6116,Wayne
2019,Wayne County,54099,6019,Wayne
2020,Wayne County,54099,6426,Wayne
2021,Wayne County,54099,6275,Wayne
2022,Wayne County,54099,6080,Wayne
2023,Wayne County,54099,5939,Wayne
2024,Wayne County,54099,5905,Wayne
2025,Wayne County,54099,5753,Wayne
2011,Webster County,54101,1382,Webster
2012,Webster County,54101,1300,Webster
2013,Webster County,54101,1271,Webster
2014,Webster County,54101,1252,Webster
2015,Webster County,54101,1292,Webster
2016,Webster County,54101,1299,Webster
2017,Webster County,54101,1281,Webster
2018,Webster County,54101,1264,Webster
2019,Webster County,54101,1215,Webster
2020,Webster County,54101,1256,Webster
2021,Webster County,54101,1236,Webster
2022,Webster County,54101,1217,Webster
2023,Webster County,54101,1194,Webster
2024,Webster County,54101,1178,Webster
2025,Webster County,54101,1144,Webster
2011,Wetzel County,54103,2529,Wetzel
2012,Wetzel County,54103,2523,Wetzel
2013,Wetzel County,54103,2446,Wetzel
2014,Wetzel County,54103,2377,Wetzel
2015,Wetzel County,54103,2337,Wetzel
2016,Wetzel County,54103,2278,Wetzel
2017,Wetzel County,54103,2228,Wetzel
2018,Wetzel County,54103,2216,Wetzel
2019,Wetzel County,54103,2190,Wetzel
2020,Wetzel County,54103,2083,Wetzel
2021,Wetzel County,54103,2077,Wetzel
2022,Wetzel County,54103,2072,Wetzel
2023,Wetzel County,54103,2084,Wetzel
2024,Wetzel County,54103,2046,Wetzel
2025,Wetzel County,54103,2064,Wetzel
2011,Wirt County,54105,900,Wirt
2012,Wirt County,54105,920,Wirt
2013,Wirt County,54105,934,Wirt
2014,Wirt County,54105,929,Wirt
2015,Wirt County,54105,944,Wirt
2016,Wirt County,54105,922,Wirt
2017,Wirt County,54105,942,Wirt
2018,Wirt County,54105,953,Wirt
2019,Wirt County,54105,973,Wirt
2020,Wirt County,54105,839,Wirt
2021,Wirt County,54105,808,Wirt
2022,Wirt County,54105,826,Wirt
2023,Wirt County,54105,798,Wirt
2024,Wirt County,54105,775,Wirt
2025,Wirt County,54105,766,Wirt
2011,Wood County,54107,13926,Wood
2012,Wood County,54107,13750,Wood
2013,Wood County,54107,13706,Wood
2014,Wood County,54107,13516,Wood
2015,Wood County,54107,13501,Wood
2016,Wood County,54107,13325,Wood
2017,Wood County,54107,13028,Wood
2018,Wood County,54107,12863,Wood
2019,Wood County,54107,12851,Wood
2020,Wood County,54107,12982,Wood
2021,Wood County,54107,12947,Wood
2022,Wood County,54107,12877,Wood
2023,Wood County,54107,12767,Wood
2024,Wood County,54107,12603,Wood
2025,Wood County,54107,12468,Wood
2011,Wyoming County,54109,3746,Wyoming
2012,Wyoming County,54109,3744,Wyoming
2013,Wyoming County,54109,3666,Wyoming
2014,Wyoming County,54109,3633,Wyoming
2015,Wyoming County,54109,3514,Wyoming
2016,Wyoming County,54109,3433,Wyoming
2017,Wyoming County,54109,3331,Wyoming
2018,Wyoming County,54109,3222,Wyoming
2019,Wyoming County,54109,3199,Wyoming
2020,Wyoming County,54109,3405,Wyoming
2021,Wyoming County,54109,3267,Wyoming
2022,Wyoming County,54109,3155,Wyoming
2023,Wyoming County,54109,3071,Wyoming
2024,Wyoming County,54109,2965,Wyoming
2025,Wyoming County,54109,2885,Wyoming
